City_ID,City,Country,Date,Lat,Lng,Max Temp,Humidity,Cloudiness,Wind Speed
0,San Patricio,US,2022-02-11 00:43:54,28.017,-97.5169,66.61,53,100,6.02
1,Cape Town,ZA,2022-02-11 00:50:02,-33.9258,18.4232,64.27,73,0,6.91
2,Bredasdorp,ZA,2022-02-11 00:50:51,-34.5322,20.0403,54.28,87,0,0.0
3,Yar-Sale,RU,2022-02-11 00:50:52,66.8333,70.8333,6.6,90,76,17.72
4,Swan Hill,AU,2022-02-11 00:50:52,-35.3378,143.5544,74.88,29,46,13.89
5,Marzuq,YE,2022-02-11 00:50:52,14.4,46.4667,58.28,41,6,0.51
6,Jamestown,US,2022-02-11 00:46:05,42.097,-79.2353,32.29,68,100,9.22
7,Caravelas,BR,2022-02-11 00:50:07,-17.7125,-39.2481,76.01,90,9,5.95
8,Pisco,PE,2022-02-11 00:43:07,-13.7,-76.2167,73.45,68,0,16.11
9,Ushuaia,AR,2022-02-11 00:50:53,-54.8,-68.3,44.08,91,96,4.9
10,Busselton,AU,2022-02-11 00:50:53,-33.65,115.3333,79.61,42,0,6.15
11,Chuy,UY,2022-02-11 00:45:36,-33.6971,-53.4616,70.23,78,0,11.27
12,Vaini,TO,2022-02-11 00:50:54,-21.2,-175.2,86.16,79,40,14.97
13,Port Elizabeth,ZA,2022-02-11 00:50:54,-33.918,25.5701,62.89,82,0,3.44
14,Jalu,LY,2022-02-11 00:50:55,29.0331,21.5482,49.89,57,0,6.2
15,Souillac,MU,2022-02-11 00:49:58,-20.5167,57.5167,75.58,94,40,3.44
16,Barrow,US,2022-02-11 00:48:42,71.2906,-156.7887,-14.78,64,100,8.05
17,Pevek,RU,2022-02-11 00:50:55,69.7008,170.3133,-28.55,97,100,8.55
18,Nikolskoye,RU,2022-02-11 00:50:55,59.7035,30.7861,34.88,88,96,9.13
19,Bluff,NZ,2022-02-11 00:47:37,-46.6,168.3333,62.8,77,37,11.72
20,Albany,US,2022-02-11 00:45:13,42.6001,-73.9662,36.48,82,48,1.99
21,Srednekolymsk,RU,2022-02-11 00:50:56,67.45,153.6833,-28.68,95,33,3.53
22,Rikitea,PF,2022-02-11 00:47:26,-23.1203,-134.9692,79.56,71,63,15.61
23,Nirsa,IN,2022-02-11 00:50:56,23.7833,86.7167,61.16,70,0,7.58
24,High Level,CA,2022-02-11 00:45:05,58.5169,-117.136,6.91,85,100,0.0
25,Kopavogur,IS,2022-02-11 00:50:57,64.1123,-21.913,32.22,86,75,6.91
26,San Ignacio,BZ,2022-02-11 00:50:57,17.1561,-89.0714,78.94,69,0,0.0
27,Tessalit,ML,2022-02-11 00:50:58,20.1986,1.0114,60.98,17,5,10.4
28,Longyearbyen,SJ,2022-02-11 00:48:44,78.2186,15.6401,21.04,79,100,3.44
29,Nago,JP,2022-02-11 00:50:58,26.5881,127.9761,64.56,60,16,6.93
30,Nemuro,JP,2022-02-11 00:50:58,43.3236,145.575,18.03,70,59,6.8
31,Yellowknife,CA,2022-02-11 00:37:02,62.456,-114.3525,-13.59,82,75,9.22
32,Jieshi,CN,2022-02-11 00:50:59,22.8134,115.8257,61.95,81,100,17.72
33,Grindavik,IS,2022-02-11 00:48:49,63.8424,-22.4338,32.47,59,75,10.36
34,Zhigansk,RU,2022-02-11 00:49:53,66.7697,123.3711,-25.85,97,100,11.86
35,Esperance,AU,2022-02-11 00:50:59,-33.8667,121.9,87.64,34,99,19.66
36,Cherskiy,RU,2022-02-11 00:51:00,68.75,161.3,-31.4,98,100,6.29
37,Arraial Do Cabo,BR,2022-02-11 00:41:09,-22.9661,-42.0278,73.17,85,100,0.74
38,Bethel,US,2022-02-11 00:48:32,41.3712,-73.414,45.48,56,100,5.75
39,Faanui,PF,2022-02-11 00:43:42,-16.4833,-151.75,81.81,73,11,15.14
40,Georgetown,MY,2022-02-11 00:42:26,5.4112,100.3354,78.89,93,20,0.0
41,Grand Gaube,MU,2022-02-11 00:41:04,-20.0064,57.6608,75.6,82,3,4.65
42,Lebu,CL,2022-02-11 00:42:33,-37.6167,-73.65,57.76,72,0,25.21
43,Omboue,GA,2022-02-11 00:51:01,-1.5746,9.2618,77.36,87,99,5.68
44,Bima,ID,2022-02-11 00:42:28,-8.4667,118.7167,81.18,84,99,1.66
45,Cidreira,BR,2022-02-11 00:39:12,-30.1811,-50.2056,74.44,81,10,18.9
46,Hobart,AU,2022-02-11 00:47:06,-42.8794,147.3294,69.26,42,40,12.66
47,Independencia,BR,2022-02-11 00:52:02,-5.3964,-40.3086,75.49,67,25,3.18
48,Tuktoyaktuk,CA,2022-02-11 00:52:02,69.4541,-133.0374,-18.4,76,100,21.85
49,Lecce,IT,2022-02-11 00:52:03,40.2167,18.1667,40.46,100,75,3.44
50,Klaksvik,FO,2022-02-11 00:52:03,62.2266,-6.589,34.72,65,96,24.14
51,Taoudenni,ML,2022-02-11 00:52:03,22.6783,-3.9836,60.15,27,0,10.33
52,Saint-Philippe,RE,2022-02-11 00:52:04,-21.3585,55.7679,72.99,81,8,5.57
53,Atuona,PF,2022-02-11 00:44:17,-9.8,-139.0333,78.22,77,18,16.22
54,Diamantino,BR,2022-02-11 00:52:04,-14.4086,-56.4461,72.66,97,100,4.72
55,Dingle,PH,2022-02-11 00:48:46,10.9995,122.6711,78.49,80,100,11.14
56,Hermanus,ZA,2022-02-11 00:52:05,-34.4187,19.2345,61.9,79,0,3.06
57,Avera,US,2022-02-11 00:52:05,33.194,-82.5271,56.71,45,12,4.12
58,Kadnikov,RU,2022-02-11 00:52:06,59.5022,40.338,27.34,96,100,6.02
59,Hilo,US,2022-02-11 00:43:13,19.7297,-155.09,80.33,70,0,9.22
60,Bambous Virieux,MU,2022-02-11 00:50:06,-20.3428,57.7575,75.45,94,40,3.44
61,Nanortalik,GL,2022-02-11 00:41:38,60.1432,-45.2371,27.34,59,100,5.95
62,Narsaq,GL,2022-02-11 00:52:06,60.9167,-46.05,12.27,59,99,8.25
63,Saldanha,ZA,2022-02-11 00:48:48,-33.0117,17.9442,59.05,85,0,10.71
64,Hamilton,US,2022-02-11 00:51:11,39.1834,-84.5333,39.83,61,0,8.05
65,Karratha,AU,2022-02-11 00:52:07,-20.7377,116.8463,88.25,61,12,15.95
66,Evensk,RU,2022-02-11 00:52:07,61.95,159.2333,-6.25,76,44,3.44
67,Tahoua,NE,2022-02-11 00:52:08,14.8888,5.2692,66.22,11,0,13.18
68,Ancud,CL,2022-02-11 00:44:23,-41.8697,-73.8203,54.93,64,9,11.3
69,Samarai,PG,2022-02-11 00:52:08,-10.6167,150.6667,84.65,55,100,11.52
70,Usinsk,RU,2022-02-11 00:52:09,65.9939,57.5281,25.38,86,100,20.2
71,Kapaa,US,2022-02-11 00:50:49,22.0752,-159.319,79.2,65,100,4.61
72,Severo-Kurilsk,RU,2022-02-11 00:52:09,50.6789,156.125,29.01,71,100,6.73
73,Aswan,EG,2022-02-11 00:52:10,24.0934,32.907,50.0,46,0,10.4
74,Victoria,HK,2022-02-11 00:43:01,22.2855,114.1577,66.38,81,96,13.0
75,Hofn,IS,2022-02-11 00:48:39,64.2539,-15.2082,28.94,56,12,10.0
76,Menongue,AO,2022-02-11 00:52:10,-14.6585,17.691,61.41,96,100,2.62
77,Norman Wells,CA,2022-02-11 00:42:29,65.282,-126.8329,-7.56,71,75,2.3
78,Baft,IR,2022-02-11 00:52:11,29.234,56.6057,38.57,28,0,2.04
79,Nelson Bay,AU,2022-02-11 00:52:11,-32.7167,152.15,81.1,65,48,4.0
80,Kodiak,US,2022-02-11 00:52:12,57.79,-152.4072,35.11,69,100,24.16
81,Puerto Ayora,EC,2022-02-11 00:43:37,-0.7393,-90.3518,75.54,92,98,1.99
82,Puerto Escondido,MX,2022-02-11 00:52:13,15.85,-97.0667,81.43,74,0,4.61
83,Krasnoselkup,RU,2022-02-11 00:52:13,65.7,82.4667,-10.17,87,61,10.22
84,Castro,BR,2022-02-11 00:52:13,-24.7911,-50.0119,61.86,90,8,6.11
85,Mataura,NZ,2022-02-11 00:47:26,-46.1927,168.8643,62.47,65,96,4.68
86,Riyadh,SA,2022-02-11 00:51:01,24.6877,46.7219,62.74,24,4,13.15
87,Ponta Do Sol,PT,2022-02-11 00:42:31,32.6667,-17.1,68.72,46,100,0.43
88,Nome,US,2022-02-11 00:52:14,64.5011,-165.4064,-7.53,71,75,4.61
89,San Quintin,MX,2022-02-11 00:52:15,30.4833,-115.95,67.26,36,0,2.62
90,Inhuma,BR,2022-02-11 00:52:15,-6.6683,-41.7078,70.56,90,30,2.24
91,Bonito,BR,2022-02-11 00:52:16,-21.1211,-56.4819,78.93,59,0,6.82
92,Margate,GB,2022-02-11 00:52:16,51.3813,1.3862,39.06,80,5,22.66
93,Qaanaaq,GL,2022-02-11 00:41:42,77.484,-69.3632,-20.61,61,96,5.39
94,Kenora,CA,2022-02-11 00:54:12,49.8167,-94.4337,21.18,100,100,4.61
95,Portel,BR,2022-02-11 00:54:13,-1.9356,-50.8211,74.41,94,99,3.91
96,Omagari,JP,2022-02-11 00:54:13,39.45,140.4833,32.76,90,95,0.34
97,Ciudad Del Maiz,MX,2022-02-11 00:54:13,22.4,-99.6,57.74,86,53,7.85
98,Westport,US,2022-02-11 00:54:14,41.1415,-73.3579,47.79,54,9,5.01
99,Brezova Pod Bradlom,SK,2022-02-11 00:54:14,48.6635,17.539,44.89,76,59,4.92
100,Lasa,IT,2022-02-11 00:54:15,46.6166,10.7002,36.86,77,11,2.95
101,Dwarka,IN,2022-02-11 00:54:15,22.2394,68.9678,68.11,51,0,12.86
102,Port Alfred,ZA,2022-02-11 00:42:38,-33.5906,26.891,67.62,85,2,5.3
103,Mwinilunga,ZM,2022-02-11 00:54:15,-11.7358,24.4293,60.91,96,100,0.96
104,Buchanan,LR,2022-02-11 00:44:54,5.8808,-10.0467,78.48,91,29,5.86
105,Agadez,NE,2022-02-11 00:54:16,19.75,10.25,56.88,27,0,8.5
106,Tautira,PF,2022-02-11 00:54:16,-17.7333,-149.15,86.02,70,13,11.9
107,Gonbad-E Qabus,IR,2022-02-11 00:54:17,37.25,55.1672,50.95,87,100,7.43
108,Point Pedro,LK,2022-02-11 00:54:17,9.8167,80.2333,77.72,87,100,14.67
109,Tasiilaq,GL,2022-02-11 00:54:18,65.6145,-37.6368,8.85,57,100,7.07
110,Sitka,US,2022-02-11 00:50:02,57.0531,-135.33,37.29,52,100,0.0
111,Labuhan,ID,2022-02-11 00:54:18,-6.8844,112.2051,80.06,84,100,4.92
112,Zhoucheng,CN,2022-02-11 00:54:18,35.9122,116.3117,40.01,65,100,4.76
113,Campoverde,PE,2022-02-11 00:54:19,-8.4753,-74.8058,74.89,96,26,1.52
114,Beruwala,LK,2022-02-11 00:54:19,6.4788,79.9828,74.46,88,66,3.04
115,Pinawa,CA,2022-02-11 00:54:20,50.1489,-95.8811,21.04,97,99,4.83
116,Kayerkan,RU,2022-02-11 00:54:20,69.3497,87.7602,-1.48,84,19,9.19
117,Punta Arenas,CL,2022-02-11 00:54:20,-53.15,-70.9167,46.51,61,75,21.85
118,Kavieng,PG,2022-02-11 00:54:21,-2.5744,150.7967,82.6,74,78,5.19
119,Casper,US,2022-02-11 00:54:21,42.8666,-106.3131,41.32,56,28,13.13
120,Saskylakh,RU,2022-02-11 00:54:22,71.9167,114.0833,2.7,93,93,11.95
121,Fort Nelson,CA,2022-02-11 00:54:22,58.8053,-122.7002,36.99,38,40,21.85
122,Guerrero Negro,MX,2022-02-11 00:54:22,27.9769,-114.0611,68.23,38,0,12.06
123,Dikson,RU,2022-02-11 00:48:51,73.5069,80.5464,7.43,92,100,26.66
124,Tual,ID,2022-02-11 00:54:23,-5.6667,132.75,81.52,74,23,2.91
125,Bayir,TR,2022-02-11 00:54:23,37.2687,28.2167,37.92,59,0,4.72
126,Copiapo,CL,2022-02-11 00:54:24,-27.3667,-70.3333,67.15,64,0,4.61
127,Gazojak,TM,2022-02-11 00:54:24,41.1875,61.4036,47.16,48,100,5.35
128,Morgan City,US,2022-02-11 00:54:25,29.6994,-91.2068,60.01,71,92,5.08
129,Toora-Khem,RU,2022-02-11 00:54:26,52.4675,96.11,-30.84,100,100,1.3
130,Shenjiamen,CN,2022-02-11 00:54:26,29.9576,122.298,46.63,75,100,10.04
131,Gazimurskiy Zavod,RU,2022-02-11 00:54:27,51.5461,118.3266,-3.3,97,100,1.68
132,Mount Gambier,AU,2022-02-11 00:54:28,-37.8333,140.7667,66.11,59,100,10.36
133,Airai,TL,2022-02-11 00:54:28,-8.9266,125.4092,68.22,80,100,1.61
134,Horki,BY,2022-02-11 00:54:29,54.2861,30.9842,29.53,97,100,5.21
135,Alexandria,EG,2022-02-11 00:54:29,31.2156,29.9553,51.76,82,0,5.75
136,Mendi,PG,2022-02-11 00:54:30,-6.1761,143.6513,58.06,99,100,3.11
137,Opaka,BG,2022-02-11 00:54:30,43.45,26.1667,40.59,78,0,4.54
138,Bilibino,RU,2022-02-11 00:55:31,68.0546,166.4372,-33.9,97,83,0.89
139,Yulara,AU,2022-02-11 00:55:31,-25.2406,130.9889,82.24,24,0,14.97
140,Urengoy,RU,2022-02-11 00:55:31,65.9667,78.3667,-3.51,85,99,12.3
141,Rio Gallegos,AR,2022-02-11 00:55:32,-51.6226,-69.2181,51.85,35,20,25.32
142,Kirov,RU,2022-02-11 00:55:32,58.5966,49.6601,17.96,95,100,6.87
143,Puerto Carreno,CO,2022-02-11 00:55:33,6.189,-67.4859,87.78,48,0,10.36
144,Khatanga,RU,2022-02-11 00:55:33,71.9667,102.5,-4.74,94,25,12.93
145,Pontian Kecil,MY,2022-02-11 00:55:33,1.4801,103.3899,77.27,89,100,5.88
146,Provideniya,RU,2022-02-11 00:55:34,64.3833,-173.3,-7.49,64,0,6.71
147,Avarua,CK,2022-02-11 00:49:56,-21.2078,-159.775,84.25,74,75,9.22
148,Viedma,AR,2022-02-11 00:55:35,-40.8135,-62.9967,61.86,54,91,10.78
149,Hambantota,LK,2022-02-11 00:55:36,6.1241,81.1185,75.54,100,75,6.91
150,Shu,KZ,2022-02-11 00:55:36,43.5983,73.7614,27.07,66,93,2.75
151,Vila Velha,BR,2022-02-11 00:50:07,-20.3297,-40.2925,76.95,88,100,5.75
152,Bonavista,CA,2022-02-11 00:55:36,48.6499,-53.1147,33.12,88,9,13.09
153,Tupik,RU,2022-02-11 00:55:37,54.4253,119.9327,-9.09,95,100,3.47
154,Pangnirtung,CA,2022-02-11 00:49:55,66.1451,-65.7125,-0.99,94,100,9.06
155,Hithadhoo,MV,2022-02-11 00:55:38,-0.6,73.0833,81.01,71,100,4.38
156,Ternate,ID,2022-02-11 00:55:38,0.8,127.4,82.96,73,24,3.71
157,Tamandare,BR,2022-02-11 00:55:38,-8.7597,-35.1047,79.92,72,100,9.91
158,Ust-Ilimsk,RU,2022-02-11 00:50:59,58.0006,102.6619,-19.26,99,45,3.67
159,Vardo,NO,2022-02-11 00:55:39,70.3705,31.1107,24.6,82,99,14.61
160,Cordoba,AR,2022-02-11 00:55:39,-31.4135,-64.1811,75.42,64,0,6.91
161,Santa Rosa,PH,2022-02-11 00:52:08,14.3122,121.1114,82.09,73,100,13.6
162,Fortuna,US,2022-02-11 00:54:46,40.5982,-124.1573,69.42,52,20,4.61
163,Chicama,PE,2022-02-11 00:55:40,-7.8447,-79.1469,70.34,71,88,5.35
164,Namibe,AO,2022-02-11 00:55:40,-15.1961,12.1522,72.48,89,100,5.53
165,Denpasar,ID,2022-02-11 00:55:40,-8.65,115.2167,80.26,78,75,3.44
166,Chokurdakh,RU,2022-02-11 00:55:41,70.6333,147.9167,-26.45,91,76,9.24
167,De Aar,ZA,2022-02-11 00:55:41,-30.6497,24.0123,69.93,15,0,3.58
168,Ahipara,NZ,2022-02-11 00:55:41,-35.1667,173.1667,78.87,81,46,10.42
169,Chernyshevskiy,RU,2022-02-11 00:55:42,63.0128,112.4714,-19.08,97,98,2.17
170,Bonnyville,CA,2022-02-11 00:53:58,54.2668,-110.735,29.52,91,100,10.04
171,Alpena,US,2022-02-11 00:55:42,45.0617,-83.4327,28.54,79,100,4.05
172,Coahuayana,MX,2022-02-11 00:55:43,18.7333,-103.6833,70.9,58,0,1.97
173,Anito,PH,2022-02-11 00:55:43,12.4497,125.2886,79.27,84,100,12.93
174,Sao Filipe,CV,2022-02-11 00:55:43,14.8961,-24.4956,76.03,65,100,3.76
175,Yerbogachen,RU,2022-02-11 00:55:44,61.2767,108.0108,-17.79,99,94,2.86
176,Leningradskiy,RU,2022-02-11 00:55:44,69.3833,178.4167,-21.14,97,92,2.75
177,Okhotsk,RU,2022-02-11 00:55:44,59.3833,143.3,7.92,77,100,5.46
178,Cabo San Lucas,MX,2022-02-11 00:51:06,22.8909,-109.9124,71.19,55,94,1.36
179,Wenling,CN,2022-02-11 00:55:45,28.3669,121.36,44.91,93,100,7.14
180,Jatai,BR,2022-02-11 00:51:09,-17.8814,-51.7144,67.53,95,92,2.91
181,Jamsa,FI,2022-02-11 00:55:45,61.8642,25.19,24.35,92,45,10.07
182,Trairi,BR,2022-02-11 00:52:15,-3.2778,-39.2689,77.05,82,11,5.55
183,Mahebourg,MU,2022-02-11 00:50:06,-20.4081,57.7,75.49,94,40,3.44
184,Aberdeen,GB,2022-02-11 00:56:46,57.1437,-2.0981,34.21,91,12,9.22
185,Khandbari,NP,2022-02-11 00:56:47,27.3747,87.2039,46.74,72,67,4.27
186,Rovaniemi,FI,2022-02-11 00:56:47,66.5,25.7167,24.21,93,100,10.36
187,Steamboat Springs,US,2022-02-11 00:56:47,40.485,-106.8317,38.07,76,100,6.91
188,Besikduzu,TR,2022-02-11 00:56:48,41.052,39.2284,42.69,78,65,5.55
189,Hualmay,PE,2022-02-11 00:56:48,-11.0964,-77.6139,70.9,78,91,6.62
190,Mar Del Plata,AR,2022-02-11 00:52:31,-38.0023,-57.5575,71.62,91,20,21.0
191,Port Hedland,AU,2022-02-11 00:52:04,-20.3167,118.5667,89.65,62,40,14.97
192,Thompson,CA,2022-02-11 00:56:49,55.7435,-97.8558,-12.84,70,40,14.97
193,Gritsovskiy,RU,2022-02-11 00:56:49,54.1376,38.1604,26.19,95,99,9.37
194,Rzeszow,PL,2022-02-11 00:56:50,50.0413,21.999,43.47,79,0,6.91
195,Vostok,RU,2022-02-11 00:56:50,46.4856,135.8833,17.49,90,99,0.27
196,Mapiri,BO,2022-02-11 00:56:50,-15.25,-68.1667,70.45,92,100,1.79
197,Henties Bay,NA,2022-02-11 00:56:51,-22.116,14.2845,69.85,84,87,9.22
198,Kahului,US,2022-02-11 00:56:51,20.8947,-156.47,76.96,75,76,8.01
199,Brae,GB,2022-02-11 00:44:33,60.3964,-1.353,35.51,53,100,14.32
200,Udachnyy,RU,2022-02-11 00:56:51,66.4167,112.4,-1.55,84,98,7.63
201,Birao,CF,2022-02-11 00:56:52,10.2849,22.7882,73.08,11,62,12.41
202,Tilichiki,RU,2022-02-11 00:56:52,60.4667,166.1,-6.93,73,5,7.14
203,Upernavik,GL,2022-02-11 00:52:05,72.7868,-56.1549,-13.83,98,70,5.57
204,Iqaluit,CA,2022-02-11 00:56:21,63.7506,-68.5145,-4.27,83,100,2.3
205,Thinadhoo,MV,2022-02-11 00:56:53,0.5333,72.9333,80.98,74,100,3.53
206,Antofagasta,CL,2022-02-11 00:46:58,-23.65,-70.4,65.61,78,2,3.78
207,New Norfolk,AU,2022-02-11 00:56:53,-42.7826,147.0587,70.66,32,16,1.99
208,Torbay,CA,2022-02-11 00:47:10,47.6666,-52.7314,32.27,92,100,16.11
209,Umea,SE,2022-02-11 00:56:54,63.8284,20.2597,26.91,74,0,12.66
210,Bathsheba,BB,2022-02-11 00:56:54,13.2167,-59.5167,77.61,69,40,19.57
211,Saint-Augustin,CA,2022-02-11 00:56:55,51.226,-58.6502,28.45,97,100,9.48
212,Dualing,PH,2022-02-11 00:56:55,7.1517,124.5683,83.03,68,100,3.65
213,Capoeiras,BR,2022-02-11 00:52:16,-8.7347,-36.6267,70.86,69,94,10.8
214,Nantucket,US,2022-02-11 00:55:29,41.2835,-70.0995,44.1,83,8,18.68
215,Axim,GH,2022-02-11 00:56:56,4.8699,-2.2405,77.83,92,0,4.65
216,Saint George,US,2022-02-11 00:56:23,37.1041,-113.5841,68.47,31,0,2.55
217,Villazon,BO,2022-02-11 00:56:57,-22.0866,-65.5942,51.71,73,82,16.44
218,Geraldton,AU,2022-02-11 00:56:57,-28.7667,114.6,86.41,45,52,8.05
219,Los Llanos De Aridane,ES,2022-02-11 00:56:57,28.6585,-17.9182,67.12,27,0,8.99
220,Bull Savanna,JM,2022-02-11 00:56:58,17.8868,-77.5902,74.5,83,54,6.67
221,Ust-Kuyga,RU,2022-02-11 00:56:58,70.0167,135.6,-17.3,98,100,7.99
222,Skeldon,GY,2022-02-11 00:56:58,5.8833,-57.1333,74.77,89,54,7.7
223,Champerico,GT,2022-02-11 00:56:59,14.3,-91.9167,86.54,69,0,8.57
224,San Cristobal,VE,2022-02-11 00:56:59,7.7669,-72.225,73.58,88,79,1.66
225,Tatvan,TR,2022-02-11 00:57:00,38.5067,42.2817,29.08,98,100,3.62
226,Mahon,ES,2022-02-11 00:57:00,39.8885,4.2658,43.36,93,0,2.3
227,Harper,LR,2022-02-11 00:57:00,4.375,-7.7169,78.6,90,0,6.85
228,Palmer,US,2022-02-11 00:57:01,42.1584,-72.3287,42.15,66,9,1.01
229,Hun,LY,2022-02-11 00:57:01,29.1268,15.9477,48.65,69,1,6.85
230,Formosa,AR,2022-02-11 00:57:02,-26.1775,-58.1781,87.78,35,0,8.05
231,Pedasi,PA,2022-02-11 00:58:02,7.5333,-80.0333,77.07,78,10,15.32
232,Bereda,ES,2022-02-11 00:58:03,43.2686,-7.5406,48.58,100,83,3.58
233,Jiwani,PK,2022-02-11 00:58:03,25.05,61.7417,69.01,59,0,6.98
234,Kloulklubed,PW,2022-02-11 00:58:04,7.0419,134.2556,82.76,75,100,16.51
235,Kudahuvadhoo,MV,2022-02-11 00:58:04,2.6708,72.8944,80.89,75,100,9.51
236,Minsk,BY,2022-02-11 00:58:05,53.9,27.5667,31.75,100,100,3.62
237,Carnarvon,AU,2022-02-11 00:58:05,-24.8667,113.6333,84.27,65,17,8.05
238,Mountain Home,US,2022-02-11 00:54:26,43.133,-115.6912,47.68,100,40,6.91
239,Abu Samrah,SY,2022-02-11 00:58:06,35.3029,37.1841,42.64,86,12,6.24
240,Ndende,GA,2022-02-11 00:58:06,-2.4008,11.3581,73.8,94,100,2.19
241,Campobasso,IT,2022-02-11 00:58:07,41.6333,14.5833,40.77,84,0,6.04
242,Koslan,RU,2022-02-11 00:58:07,63.4564,48.8989,20.64,93,100,9.64
243,Emerald,AU,2022-02-11 00:58:07,-23.5333,148.1667,86.34,54,0,3.44
244,Vanimo,PG,2022-02-11 00:58:08,-2.6741,141.3028,82.6,77,100,1.54
245,Nyurba,RU,2022-02-11 00:58:08,63.2842,118.3319,-29.54,100,91,3.27
246,Katsuura,JP,2022-02-11 00:58:09,35.1333,140.3,45.19,75,99,19.55
247,Payakumbuh,ID,2022-02-11 00:58:10,-0.2202,100.6308,71.92,76,100,0.85
248,Cheyenne,US,2022-02-11 00:58:10,41.14,-104.8203,45.18,48,100,18.01
249,Butaritari,KI,2022-02-11 00:58:10,3.0707,172.7902,81.97,79,20,18.34
250,Kurmanayevka,RU,2022-02-11 00:58:11,52.5093,52.0675,20.62,97,100,5.46
251,Rawson,AR,2022-02-11 00:58:11,-43.3002,-65.1023,58.82,60,0,24.27
252,Houma,US,2022-02-11 00:57:09,29.5958,-90.7195,59.0,58,0,3.44
253,Guayaramerin,BO,2022-02-11 00:58:12,-10.8368,-65.3614,74.23,98,100,2.84
254,Tiksi,RU,2022-02-11 00:58:12,71.6872,128.8694,-10.21,92,100,14.29
255,Umba,RU,2022-02-11 00:58:13,66.6871,34.3429,19.96,97,99,6.78
256,Broome,US,2022-02-11 00:58:13,42.2506,-75.833,36.19,86,83,1.01
257,Pauini,BR,2022-02-11 00:58:13,-7.7136,-66.9764,73.96,91,77,2.24
258,Muisne,EC,2022-02-11 00:50:05,0.6,-80.0333,75.69,86,100,7.74
259,Cabedelo,BR,2022-02-11 00:58:14,-6.9811,-34.8339,81.27,75,31,15.55
260,Muborak,UZ,2022-02-11 00:58:14,39.2553,65.1528,46.92,38,16,9.01
261,Alta Floresta,BR,2022-02-11 00:58:15,-9.8756,-56.0861,73.06,94,100,1.61
262,Inuvik,CA,2022-02-11 00:58:15,68.3499,-133.7218,-11.99,76,100,4.61
263,Husavik,IS,2022-02-11 00:58:15,66.0449,-17.3389,31.91,74,11,17.25
264,Lompoc,US,2022-02-11 00:48:46,34.6391,-120.4579,78.94,30,0,4.61
265,Dibulla,CO,2022-02-11 00:58:16,11.2725,-73.3091,77.27,71,11,6.33
266,Kirovskiy,RU,2022-02-11 00:58:17,45.0917,133.5136,14.76,93,100,0.4
267,Bengkulu,ID,2022-02-11 00:53:45,-3.8004,102.2655,76.53,73,100,4.38
268,Kitui,KE,2022-02-11 00:58:17,-1.367,38.0106,64.15,72,71,2.13
269,Mizan Teferi,ET,2022-02-11 00:58:18,6.9833,35.5833,65.26,64,95,3.22
270,Korla,CN,2022-02-11 00:58:18,41.7597,86.1469,25.29,55,42,5.57
271,Kangaatsiaq,GL,2022-02-11 00:58:19,68.3065,-53.4641,-5.82,87,100,10.18
272,Mumford,GH,2022-02-11 00:58:19,5.2618,-0.759,78.55,90,0,5.95
273,El Higo,MX,2022-02-11 00:59:20,21.7667,-98.4667,67.71,72,100,5.64
274,Cascais,PT,2022-02-11 00:59:20,38.6979,-9.4215,61.05,65,100,15.01
275,Bentiu,SS,2022-02-11 00:59:20,9.2333,29.8333,77.43,20,46,8.5
276,Banda Aceh,ID,2022-02-11 00:59:21,5.5577,95.3222,79.2,79,32,3.94
277,Ipixuna,BR,2022-02-11 00:59:21,-1.7625,-48.8043,75.15,97,100,2.73
278,Qingquan,CN,2022-02-11 00:59:21,30.4511,115.2559,42.87,90,100,1.52
279,Novopavlovsk,RU,2022-02-11 00:59:22,43.9622,43.6342,37.26,69,84,4.9
280,Zhaoqing,CN,2022-02-11 00:59:22,23.0512,112.4597,58.51,92,100,3.06
281,Opuwo,NA,2022-02-11 00:59:23,-18.0607,13.84,66.87,89,100,1.45
282,Escanaba,US,2022-02-11 00:56:03,45.7453,-87.0646,24.21,78,75,15.99
283,Sao Jose Da Coroa Grande,BR,2022-02-11 00:59:23,-8.8978,-35.1478,80.04,72,100,10.56
284,Ribas Do Rio Pardo,BR,2022-02-11 00:59:24,-20.4431,-53.7592,76.46,65,73,4.43
285,Prince George,CA,2022-02-11 00:58:04,53.9166,-122.753,36.48,78,88,5.03
286,Touros,BR,2022-02-11 00:59:24,-5.1989,-35.4608,83.3,75,4,11.97
287,Marienburg,PL,2022-02-11 00:59:24,54.0359,19.0266,39.11,78,100,11.27
288,Bay Roberts,CA,2022-02-11 00:59:25,47.5999,-53.2648,33.03,86,14,3.0
289,Aban,RU,2022-02-11 00:59:25,56.67,96.06,-22.22,99,100,3.09
290,Cerchezu,RO,2022-02-11 00:59:26,43.8167,28.1,40.5,83,0,8.63
291,Winslow,US,2022-02-11 00:59:26,35.0242,-110.6974,51.1,32,6,5.5
292,Maridi,SS,2022-02-11 00:59:27,4.9158,29.4742,77.86,29,98,4.9
293,Baykit,RU,2022-02-11 00:59:27,61.67,96.37,-17.86,97,6,2.57
294,Mglin,RU,2022-02-11 00:59:27,53.0591,32.8475,28.71,97,100,6.35
295,Halifax,CA,2022-02-11 00:58:03,44.6453,-63.5724,36.48,93,2,10.36
296,Maralal,KE,2022-02-11 00:59:28,1.0968,36.698,58.08,68,91,4.76
297,Fairbanks,US,2022-02-11 00:49:58,64.8378,-147.7164,-2.4,75,20,0.0
298,Mahanoro,MG,2022-02-11 00:59:29,-19.9,48.8,74.14,91,12,1.28
299,Sawtell,AU,2022-02-11 00:59:29,-30.3833,153.1,82.42,74,40,17.27
300,Goderich,CA,2022-02-11 00:59:29,43.7501,-81.7165,31.91,69,96,12.66
301,Anadyr,RU,2022-02-11 00:59:30,64.75,177.4833,-21.5,76,0,4.47
302,Namanga,KE,2022-02-11 00:59:30,-2.5433,36.7905,69.28,57,99,5.61
303,Isangel,VU,2022-02-11 00:59:30,-19.55,169.2667,86.11,84,75,1.14
304,Frontera,MX,2022-02-11 00:59:31,26.9333,-101.45,65.32,37,100,1.01
305,Jaen,ES,2022-02-11 00:59:31,38.0,-3.5,49.93,52,100,3.29
306,Ostrovnoy,RU,2022-02-11 00:59:32,68.0531,39.5131,26.44,86,100,20.31
307,Sao Joao Da Barra,BR,2022-02-11 00:59:32,-21.6403,-41.0511,72.01,96,100,8.32
308,Hanzhong,CN,2022-02-11 00:59:32,33.0728,107.0303,42.04,68,100,0.98
309,Hasaki,JP,2022-02-11 00:59:33,35.7333,140.8333,39.29,64,100,23.73
310,Civitavecchia,IT,2022-02-11 00:59:33,42.0933,11.7967,48.61,97,0,6.38
311,Raga,SS,2022-02-11 00:59:33,8.4596,25.678,73.51,16,99,7.87
312,Mount Isa,AU,2022-02-11 00:59:34,-20.7333,139.5,92.97,21,0,12.66
313,Shaunavon,CA,2022-02-11 00:59:34,49.6501,-108.4181,37.18,68,99,24.27
314,Koppies,ZA,2022-02-11 00:59:35,-27.2418,27.5742,63.54,70,10,5.88
315,San Fernando,PH,2022-02-11 00:59:35,15.0286,120.6898,82.15,62,100,11.5
316,Jasper,US,2022-02-11 00:57:23,37.2001,-94.3502,49.87,50,16,9.98
317,Lagoa,PT,2022-02-11 00:59:35,39.05,-27.9833,58.62,73,91,5.64
318,Salym,RU,2022-02-11 00:59:36,60.0625,71.4789,-8.25,96,6,5.55
319,Mizdah,LY,2022-02-11 00:59:36,31.4451,12.9801,44.56,77,3,5.41
320,East London,ZA,2022-02-11 00:58:49,-33.0153,27.9116,70.07,83,61,4.41
321,Kisanga,TZ,2022-02-11 01:00:37,-7.4362,37.7034,71.49,94,98,1.39
322,Poum,NC,2022-02-11 01:00:37,-20.2333,164.0167,81.39,83,100,24.65
323,Buraydah,SA,2022-02-11 01:00:38,26.326,43.975,56.71,44,0,10.85
324,La Romana,DO,2022-02-11 01:00:38,18.4273,-68.9728,71.31,84,1,8.81
325,Pochutla,MX,2022-02-11 01:00:39,15.7432,-96.4661,74.03,75,22,2.91
326,Fernley,US,2022-02-11 01:00:39,39.608,-119.2518,61.66,38,0,3.76
327,Ilulissat,GL,2022-02-11 01:00:39,69.2167,-51.1,-2.18,55,100,2.3
328,Yumen,CN,2022-02-11 01:00:40,40.2833,97.2,23.14,61,100,16.87
329,Betioky,MG,2022-02-11 01:00:41,-23.7167,44.3833,74.17,82,8,8.46
330,Miraflores,MX,2022-02-11 01:00:41,19.2167,-98.8083,62.87,55,7,5.88
331,Arco,IT,2022-02-11 01:00:42,45.9177,10.8867,51.91,74,96,1.25
332,Hailar,CN,2022-02-11 01:00:43,49.2,119.7,0.1,96,100,6.53
333,Asekeyevo,RU,2022-02-11 01:00:43,53.5742,52.7972,21.9,97,100,4.59
334,Port Macquarie,AU,2022-02-11 01:00:43,-31.4333,152.9167,81.9,53,62,13.94
335,Maragogi,BR,2022-02-11 01:00:44,-9.0122,-35.2225,79.93,71,100,10.13
336,Port-Gentil,GA,2022-02-11 01:00:44,-0.7193,8.7815,80.56,82,78,12.41
337,Chengde,CN,2022-02-11 01:00:45,40.9725,117.9361,27.3,43,79,4.29
338,Ponta Delgada,PT,2022-02-11 01:00:45,37.7333,-25.6667,58.5,67,40,6.91
339,Guatire,VE,2022-02-11 01:00:46,10.4762,-66.5427,69.4,94,80,3.6
340,Acapulco,MX,2022-02-11 00:56:36,16.8634,-99.8901,76.01,67,93,6.24
341,Tuatapere,NZ,2022-02-11 01:00:47,-46.1333,167.6833,62.82,72,64,9.73
342,Jumla,NP,2022-02-11 01:00:47,29.2747,82.1838,16.36,77,2,7.61
343,Auki,SB,2022-02-11 01:00:48,-8.7676,160.7034,82.0,77,97,6.49
344,Tabou,CI,2022-02-11 01:00:48,4.423,-7.3528,78.57,90,0,6.73
345,Asau,RO,2022-02-11 01:00:49,46.4333,26.4,38.75,87,100,6.87
346,Clyde River,CA,2022-02-11 01:00:49,70.4692,-68.5914,-26.93,98,98,5.55
347,Jurado,CO,2022-02-11 01:00:50,7.1053,-77.7641,77.27,90,100,1.88
348,Peru,US,2022-02-11 00:58:53,40.7537,-86.0689,31.78,81,100,18.41
349,Kahramanmaras,TR,2022-02-11 01:00:50,38.0,37.0,25.43,98,55,4.81
350,Hit,IQ,2022-02-11 01:00:51,33.6416,42.8251,51.31,60,7,9.78
351,Blagoyevo,RU,2022-02-11 01:00:51,63.3667,47.9167,20.73,91,100,9.24
352,Kiama,AU,2022-02-11 01:00:51,-34.6833,150.8667,71.01,88,100,5.01
353,Dothan,US,2022-02-11 00:56:00,31.2232,-85.3905,59.2,54,10,4.23
354,Maryville,US,2022-02-11 01:00:52,35.7565,-83.9705,51.94,52,7,4.07
355,Santa Catarina De Tepehuanes,MX,2022-02-11 01:00:04,25.35,-105.7333,52.59,24,100,0.58
356,Alofi,NU,2022-02-11 01:00:53,-19.0595,-169.9187,81.81,72,3,14.29
357,Nouadhibou,MR,2022-02-11 01:00:53,20.931,-17.0347,71.47,45,61,14.52
358,Binabalian,PH,2022-02-11 01:00:53,16.4202,119.9279,78.94,71,83,15.97
359,Laguna,US,2022-02-11 01:00:54,38.421,-121.4238,73.9,48,0,4.61
360,Padang,ID,2022-02-11 01:00:54,-0.9492,100.3543,75.25,70,100,2.68
361,Oktyabrskiy,RU,2022-02-11 01:00:55,54.4815,53.471,19.83,95,100,6.17
362,Panguna,PG,2022-02-11 01:00:55,-6.3164,155.4848,78.19,78,89,3.42
363,Mackay,AU,2022-02-11 01:00:42,-21.15,149.2,89.69,57,0,10.89
364,Gueugnon,FR,2022-02-11 01:00:56,46.6036,4.0629,47.17,87,100,6.76
365,Kjustendil,BG,2022-02-11 01:00:56,42.2839,22.6911,36.61,74,0,3.13
366,Rocha,UY,2022-02-11 01:00:57,-34.4833,-54.3333,67.53,77,0,11.41
367,Roald,NO,2022-02-11 01:01:57,62.5833,6.1333,33.91,86,100,10.36
368,Barra Patuca,HN,2022-02-11 01:01:58,15.8,-84.2833,75.69,81,5,6.42
369,Havoysund,NO,2022-02-11 01:01:58,70.9963,24.6622,32.88,75,100,22.3
370,Coquimbo,CL,2022-02-11 01:01:43,-29.9533,-71.3436,63.64,83,4,4.29
371,Ibotirama,BR,2022-02-11 01:01:58,-12.1853,-43.2206,76.32,65,68,3.38
372,Salalah,OM,2022-02-11 01:01:59,17.0151,54.0924,67.33,73,6,2.59
373,Cayenne,GF,2022-02-11 01:00:07,4.9333,-52.3333,77.09,88,75,3.44
374,Urubamba,PE,2022-02-11 01:01:59,-13.3047,-72.1158,54.5,90,39,3.15
375,Mount Pleasant,US,2022-02-11 01:02:00,32.7941,-79.8626,56.08,67,0,3.44
376,Tezu,IN,2022-02-11 01:02:00,27.9167,96.1667,56.61,67,92,2.51
377,Milyutinskaya,RU,2022-02-11 01:02:00,48.6279,41.6679,34.86,96,100,12.19
378,Ouadda,CF,2022-02-11 01:02:01,8.0777,22.4007,71.2,18,88,6.46
379,Luanda,AO,2022-02-11 01:00:00,-8.8368,13.2343,77.0,61,40,8.05
380,Dhidhdhoo,MV,2022-02-11 01:02:02,6.8833,73.1,80.65,76,55,8.81
381,Babayurt,RU,2022-02-11 01:02:02,43.6002,46.7789,34.99,70,6,10.56
382,Pedernales,DO,2022-02-11 01:02:02,18.0384,-71.744,76.28,72,0,5.97
383,Asyut,EG,2022-02-11 01:02:03,27.181,31.1837,49.3,58,5,8.75
384,Itarema,BR,2022-02-11 01:02:03,-2.9248,-39.9167,78.31,76,58,8.37
385,Obo,CF,2022-02-11 01:02:04,5.3998,26.4869,75.4,26,53,3.42
386,Kaitangata,NZ,2022-02-11 01:02:04,-46.2817,169.8464,64.92,82,25,5.48
387,Richards Bay,ZA,2022-02-11 01:02:04,-28.783,32.0377,70.29,90,26,2.98
388,Verbilki,RU,2022-02-11 01:02:05,56.5333,37.6,32.68,93,100,10.31
389,Saint-Pierre,RE,2022-02-11 01:02:05,-21.3393,55.4781,73.08,73,0,5.75
390,Te Anau,NZ,2022-02-11 01:02:05,-45.4167,167.7167,74.01,45,0,2.15
391,Ola,RU,2022-02-11 01:02:06,59.5833,151.2833,1.24,71,98,5.44
392,Bitung,ID,2022-02-11 01:02:07,1.4451,125.1824,81.45,78,82,5.84
393,Careiro Da Varzea,BR,2022-02-11 01:02:07,-3.2003,-59.8119,79.41,93,100,2.17
394,Lerwick,GB,2022-02-11 01:02:07,60.1545,-1.1494,37.4,52,95,13.73
395,Lorengau,PG,2022-02-11 01:02:08,-2.0226,147.2712,82.13,80,100,5.7
396,Ubatuba,BR,2022-02-11 01:02:08,-23.4339,-45.0711,73.04,88,100,2.93
397,Cervo,ES,2022-02-11 01:02:09,43.6702,-7.4101,52.2,89,32,13.96
398,Rio Grande,BR,2022-02-11 01:02:09,-32.035,-52.0986,73.94,79,14,20.6
399,Coihaique,CL,2022-02-11 01:02:09,-45.5752,-72.0662,41.99,73,8,5.57
400,Shelby,US,2022-02-11 01:02:10,35.2001,-89.8668,55.85,44,0,3.44
401,Massaguet,TD,2022-02-11 01:02:10,12.4755,15.4365,65.03,18,8,12.12
402,Castilho,BR,2022-02-11 01:02:11,-20.8722,-51.4875,73.22,70,2,7.43
403,Mayo,US,2022-02-11 01:02:11,38.8876,-76.5119,49.71,59,100,1.01
404,Tshikapa,CD,2022-02-11 01:02:12,-6.4167,20.8,70.3,97,100,2.55
405,Mareeba,AU,2022-02-11 01:02:12,-17.0,145.4333,86.49,68,0,0.81
406,Morondava,MG,2022-02-11 01:02:12,-20.2833,44.2833,79.38,82,31,5.59
407,Tiznit,MA,2022-02-11 01:02:13,29.5833,-9.5,56.88,38,0,3.4
408,Sisimiut,GL,2022-02-11 01:02:13,66.9395,-53.6735,6.24,78,100,8.57
409,Nizhniy Kuranakh,RU,2022-02-11 01:02:13,58.8353,125.4869,-23.87,98,99,1.32
410,Mehamn,NO,2022-02-11 01:02:14,71.0357,27.8492,21.11,95,100,14.67
411,Harlingen,US,2022-02-11 01:00:24,26.1906,-97.6961,63.25,53,100,6.55
412,Port Hardy,CA,2022-02-11 01:02:14,50.6996,-127.4199,49.75,86,80,10.33
413,Beringovskiy,RU,2022-02-11 01:02:15,63.05,179.3167,-20.72,93,26,6.35
414,Bandarbeyla,SO,2022-02-11 01:03:16,9.4942,50.8122,72.81,69,98,13.4
415,Komatipoort,ZA,2022-02-11 01:02:16,-25.4332,31.9548,69.04,91,0,1.21
416,Saint Anthony,US,2022-02-11 01:03:17,45.0205,-93.218,37.72,87,100,19.57
417,Rudbar,AF,2022-02-11 01:03:18,30.15,62.6,53.51,21,0,7.38
418,Komsomolskiy,UZ,2022-02-11 01:03:18,40.4272,71.7189,31.42,74,100,2.3
419,Camana,PE,2022-02-11 01:03:18,-16.6228,-72.7111,70.48,77,35,5.46
420,Sehithwa,BW,2022-02-11 01:03:19,-20.4667,22.7167,70.74,81,100,5.68
421,Temerloh,MY,2022-02-11 01:03:19,3.4483,102.4176,71.55,97,100,2.21
422,Raudeberg,NO,2022-02-11 01:03:19,61.9875,5.1352,30.87,84,100,3.0
423,Tawau,MY,2022-02-11 01:03:20,4.2498,117.8871,78.78,84,100,2.06
424,Ravar,IR,2022-02-11 01:03:20,31.2656,56.8055,49.68,24,0,3.29
425,Atchison,US,2022-02-11 01:03:21,39.563,-95.1216,50.07,51,100,15.73
426,Comodoro Rivadavia,AR,2022-02-11 01:03:21,-45.8667,-67.5,51.66,37,0,6.91
427,Pronsk,RU,2022-02-11 01:03:22,54.1048,39.6092,27.82,90,92,13.71
428,Port Augusta,AU,2022-02-11 01:03:22,-32.5,137.7667,79.7,28,0,7.36
429,Nenjiang,CN,2022-02-11 01:03:22,49.1833,125.2167,5.65,93,100,8.03
430,Umuahia,NG,2022-02-11 01:03:23,5.5263,7.4896,73.08,93,100,4.05
431,Erenhot,CN,2022-02-11 01:03:23,43.6475,111.9767,2.37,92,100,3.69
432,Meulaboh,ID,2022-02-11 01:03:24,4.1363,96.1285,76.15,84,76,4.27
433,Port Lincoln,AU,2022-02-11 01:00:40,-34.7333,135.8667,66.83,60,4,14.83
434,Petrozavodsk,RU,2022-02-11 01:03:24,61.7849,34.3469,27.36,92,100,7.83
435,Ngunguru,NZ,2022-02-11 01:03:25,-35.6167,174.5,77.16,92,99,11.21
436,Umm Kaddadah,SD,2022-02-11 01:03:25,13.6017,26.6876,58.23,24,9,18.01
437,Todos Santos,MX,2022-02-11 01:03:26,23.45,-110.2167,71.4,72,24,3.13
438,Puerto Baquerizo Moreno,EC,2022-02-11 01:03:26,-0.9,-89.6,74.61,83,100,6.71
439,Camargo,MX,2022-02-11 01:03:27,27.6667,-105.1667,60.42,15,0,8.32
440,Lincoln,US,2022-02-11 00:59:11,40.8,-96.667,54.28,47,100,11.99
441,Newport,GB,2022-02-11 01:03:27,51.5877,-2.9984,40.82,81,5,6.31
442,Lazaro Cardenas,MX,2022-02-11 01:03:28,17.9583,-102.2,75.87,60,0,7.09
443,College,US,2022-02-11 01:03:28,64.8569,-147.8028,-2.34,76,0,3.44
444,Pozo Colorado,PY,2022-02-11 01:03:28,-23.4923,-58.7972,82.4,29,0,5.19
445,Waingapu,ID,2022-02-11 01:03:29,-9.6567,120.2641,78.04,86,100,2.37
446,Muros,ES,2022-02-11 01:03:29,42.7762,-9.0603,55.24,91,61,9.06
447,Tahta,EG,2022-02-11 01:03:29,26.7693,31.5021,49.24,55,5,7.78
448,Inverell,AU,2022-02-11 01:03:30,-29.7833,151.1167,84.67,39,14,8.99
449,Estevan,CA,2022-02-11 01:00:42,49.1334,-102.9842,37.74,79,100,25.5
450,Laredo,US,2022-02-11 01:00:34,27.5064,-99.5075,69.8,42,100,6.46
451,Ihosy,MG,2022-02-11 01:03:30,-22.4,46.1167,68.27,92,85,6.51
452,San Blas,MX,2022-02-11 01:03:31,21.5167,-105.2667,76.89,63,6,0.89
453,Elizabeth City,US,2022-02-11 01:03:31,36.2946,-76.2511,57.25,51,0,9.22
454,Trinidad,BO,2022-02-11 01:03:31,-14.8333,-64.9,76.82,83,14,4.27
455,Sur,OM,2022-02-11 01:03:32,22.5667,59.5289,66.81,57,0,4.88
456,Sidi Ali,DZ,2022-02-11 01:03:32,36.0998,0.4206,48.09,84,28,2.01
457,Huambo,AO,2022-02-11 01:02:53,-12.7761,15.7392,56.57,96,100,0.96
458,Adrar,MR,2022-02-11 01:02:19,20.5022,-10.0711,61.68,19,53,12.21
459,Schwabmunchen,DE,2022-02-11 01:03:32,48.1833,10.75,44.8,85,100,8.05
460,Vestmanna,FO,2022-02-11 01:04:33,62.1564,-7.1664,32.92,93,100,23.02
461,Goma,CD,2022-02-11 01:00:15,-1.6792,29.2228,62.37,75,100,2.66
462,Dimbokro,CI,2022-02-11 01:04:34,6.6451,-4.7048,73.11,94,2,3.47
463,Les Cayes,HT,2022-02-11 01:04:34,18.2,-73.75,75.24,77,0,3.65
464,Bangkalan,ID,2022-02-11 01:04:34,-7.0455,112.7351,80.55,87,100,4.63
465,Cururupu,BR,2022-02-11 01:04:35,-1.8283,-44.8683,74.91,92,100,2.26
466,Golden,US,2022-02-11 01:04:35,39.7555,-105.2211,51.28,52,20,13.0
467,Shagonar,RU,2022-02-11 01:04:36,51.5333,92.8,-21.82,98,91,0.69
468,Necochea,AR,2022-02-11 01:04:36,-38.5473,-58.7368,66.04,77,100,7.47
469,Temba,ZA,2022-02-11 01:04:36,-25.3803,28.2631,49.26,61,41,4.99
470,Dunedin,NZ,2022-02-11 01:04:37,-45.8742,170.5036,65.8,75,54,1.99
471,Linxia,CN,2022-02-11 01:04:37,35.6003,103.2064,14.99,88,72,3.31
472,Mezen,RU,2022-02-11 01:04:37,65.8522,44.24,23.41,92,100,11.95
473,Barranca,PE,2022-02-11 01:04:38,-10.75,-77.7667,71.28,75,100,5.14
474,Boa Vista,BR,2022-02-11 01:00:54,2.8197,-60.6733,85.98,51,20,8.05
475,Nurota,UZ,2022-02-11 01:04:38,40.5614,65.6886,39.29,40,100,8.66
476,Jacqueville,CI,2022-02-11 01:04:38,5.2052,-4.4146,82.31,91,2,7.49
477,Bairiki,KI,2022-02-11 01:04:39,1.3292,172.9752,87.8,66,20,13.8
478,Troitskoye,RU,2022-02-11 01:04:39,52.9821,84.6757,-17.66,100,61,3.31
479,Smithers,CA,2022-02-11 01:02:34,54.7804,-127.1743,32.31,94,73,5.21
480,Ullapool,GB,2022-02-11 01:04:39,57.8987,-5.1604,32.34,80,11,5.1
481,Solnechnyy,RU,2022-02-11 01:04:40,50.7214,136.6319,9.32,88,98,3.06
482,Salinopolis,BR,2022-02-11 01:04:40,-0.6136,-47.3561,77.36,89,100,8.28
483,Dong Hoi,VN,2022-02-11 01:03:14,17.4833,106.6,71.19,90,100,2.84
484,Mukhen,RU,2022-02-11 01:04:41,48.1,136.1,9.73,91,100,2.57
485,Vila Franca Do Campo,PT,2022-02-11 01:04:41,37.7167,-25.4333,58.19,70,100,7.38
486,Jinchang,CN,2022-02-11 01:04:41,38.4953,102.1739,21.63,61,21,5.23
487,Staryy Nadym,RU,2022-02-11 01:04:42,65.6118,72.6842,0.01,81,0,18.03
488,Lahaina,US,2022-02-11 01:04:42,20.8783,-156.6825,83.44,75,38,2.91
489,La Seyne-Sur-Mer,FR,2022-02-11 01:04:42,43.0982,5.8847,49.6,85,0,1.99
490,Ambositra,MG,2022-02-11 01:04:43,-20.5167,47.25,62.42,95,100,3.31
491,Moron,AR,2022-02-11 01:04:43,-34.6534,-58.6198,77.99,77,0,9.95
492,Codrington,AU,2022-02-11 01:04:43,-38.2667,141.9667,65.17,54,100,15.95
493,Ban Dung,TH,2022-02-11 01:04:44,17.699,103.2596,82.02,98,44,8.08
494,Williams Lake,CA,2022-02-11 01:00:40,52.1415,-122.1445,34.25,97,31,2.95
495,Nolinsk,RU,2022-02-11 01:04:44,57.5596,49.9363,17.76,96,100,5.93
496,Kavaratti,IN,2022-02-11 01:04:44,10.5669,72.642,79.38,73,95,9.22
497,Vrangel,RU,2022-02-11 01:04:45,42.7297,133.0839,30.06,75,100,4.63
498,Esmeralda,CU,2022-02-11 01:04:45,21.8525,-78.1169,74.44,90,0,6.24
499,Buzdyak,RU,2022-02-11 01:04:45,54.5833,54.55,19.6,95,100,10.76
500,Hirara,JP,2022-02-11 01:04:46,24.8,125.2833,65.62,74,100,16.37
501,Punta Alta,AR,2022-02-11 01:04:46,-38.8759,-62.0736,66.7,56,100,15.99
502,Mapiripan,CO,2022-02-11 01:04:46,2.8892,-72.1256,76.05,79,100,3.24
503,Yancheng,CN,2022-02-11 01:00:21,33.3856,120.1253,41.31,66,100,6.17
504,Alice Springs,AU,2022-02-11 01:04:47,-23.7,133.8833,80.15,29,0,13.8
505,Bireun,ID,2022-02-11 01:04:47,5.203,96.7009,76.19,84,80,3.4
506,Vao,NC,2022-02-11 01:04:48,-22.6667,167.4833,81.63,86,100,35.57
507,Changji,CN,2022-02-11 01:04:48,44.0167,87.3167,9.39,92,100,2.24
508,Diffa,NE,2022-02-11 01:05:49,13.3154,12.6113,62.89,41,5,9.8
509,Saint-Joseph,RE,2022-02-11 01:05:49,-21.3667,55.6167,71.98,81,6,3.27
510,Capoterra,IT,2022-02-11 01:05:49,39.1763,8.9718,48.52,88,0,6.91
511,Kjollefjord,NO,2022-02-11 01:05:50,70.9457,27.3465,20.98,88,100,18.12
512,Havelock,US,2022-02-11 01:05:50,34.8791,-76.9013,53.94,85,8,4.0
513,Myitkyina,MM,2022-02-11 01:05:50,25.3833,97.4,58.62,75,100,2.8
514,Santarem,BR,2022-02-11 01:05:51,-2.4431,-54.7083,75.33,100,40,3.44
515,Tolaga Bay,NZ,2022-02-11 01:05:51,-38.3667,178.3,81.23,61,100,3.22
516,Solenzo,BF,2022-02-11 01:05:51,12.1833,-4.0833,75.38,12,1,9.86
517,Maniitsoq,GL,2022-02-11 01:05:52,65.4167,-52.9,19.89,89,100,14.94
518,Bolgatanga,GH,2022-02-11 01:05:52,10.7856,-0.8514,77.34,14,0,6.96
519,Madimba,TZ,2022-02-11 01:05:52,-10.4,40.3333,77.5,88,100,8.41
520,The Valley,AI,2022-02-11 01:05:53,18.217,-63.0578,76.86,79,10,24.02
521,Hirschaid,DE,2022-02-11 01:05:53,49.8194,10.9908,41.59,87,100,8.84
522,Kisangani,CD,2022-02-11 01:05:54,0.5167,25.2,73.08,81,100,2.46
523,Avare,BR,2022-02-11 01:05:54,-23.0986,-48.9258,64.06,83,0,9.37
524,Ribeira Grande,PT,2022-02-11 01:05:54,38.5167,-28.7,59.97,72,100,7.85
525,Boulder,US,2022-02-11 01:05:55,40.0833,-105.3505,45.91,49,0,14.97
526,Vryburg,ZA,2022-02-11 01:05:55,-26.9566,24.7284,69.91,59,38,3.15
527,Camacha,PT,2022-02-11 01:05:04,33.0833,-16.3333,63.36,94,20,6.91
528,Luderitz,NA,2022-02-11 01:05:56,-26.6481,15.1594,70.74,59,44,15.99
529,Bodden Town,KY,2022-02-11 01:05:56,19.2833,-81.25,78.01,84,20,4.61
530,Broken Hill,AU,2022-02-11 01:05:56,-31.95,141.4333,75.34,33,4,19.24
531,Locri,IT,2022-02-11 01:05:57,38.2414,16.2623,52.83,59,0,7.0
532,Biak,ID,2022-02-11 01:05:57,-0.9131,122.8766,78.94,79,100,2.66
533,Naze,JP,2022-02-11 01:05:58,28.3667,129.4833,56.77,61,47,10.04
534,Lindi,TZ,2022-02-11 01:05:58,-10.0,39.7167,73.29,98,100,3.06
535,Nalut,LY,2022-02-11 01:05:59,30.3333,10.85,45.05,67,36,11.1
536,Santiago Del Estero,AR,2022-02-11 01:05:59,-27.7951,-64.2615,86.32,28,100,8.03
537,Ugoofaaru,MV,2022-02-11 01:05:59,5.6667,73.0,81.23,76,100,11.21
538,Marawi,PH,2022-02-11 01:06:00,7.9986,124.2928,70.65,89,100,3.18
539,Half Moon Bay,US,2022-02-11 01:05:42,37.4636,-122.4286,75.0,46,0,11.5
540,North Platte,US,2022-02-11 01:04:25,41.1239,-100.7654,56.12,38,100,10.36
541,Pemberton,CA,2022-02-11 01:06:00,50.3164,-122.8027,42.13,98,94,1.25
542,Skibbereen,IE,2022-02-11 01:06:00,51.55,-9.2667,37.2,74,26,2.1
543,Englehart,CA,2022-02-11 01:06:01,47.8169,-79.8664,10.96,79,20,8.05
544,Innisfail,AU,2022-02-11 01:06:03,-17.5333,146.0333,83.7,66,4,4.63
545,Constitucion,CL,2022-02-11 01:01:44,-35.3333,-72.4167,58.37,80,100,4.68
546,Rabaul,PG,2022-02-11 01:06:04,-4.1967,152.1721,83.19,71,91,7.02
547,Asheboro,US,2022-02-11 01:06:04,35.7079,-79.8136,53.85,40,0,3.44
548,Kajaani,FI,2022-02-11 01:06:05,64.2273,27.7285,28.45,86,100,14.97
549,Freiberg,DE,2022-02-11 01:06:05,50.9167,13.3667,40.68,97,100,4.0
550,Lata,PT,2022-02-11 01:06:06,40.1629,-8.3327,53.71,72,64,2.24
551,Medvezhyegorsk,RU,2022-02-11 01:06:06,62.9167,34.4667,27.73,90,100,6.73
552,Kushima,JP,2022-02-11 01:06:07,31.4583,131.2333,51.84,58,4,2.06
553,Qeshm,IR,2022-02-11 01:06:07,26.9581,56.2719,68.86,54,0,3.98
554,Kyra,RU,2022-02-11 01:06:07,49.5776,111.9753,-6.86,85,93,5.57
555,Ligayan,PH,2022-02-11 01:06:08,4.6533,119.4706,80.33,81,100,3.38
556,Riom,FR,2022-02-11 01:07:08,45.9167,2.9167,41.65,94,100,7.81
